BatchDefault,Time_s,Throughput_Hz
1,0.03284006118774414,30.450613178918143
16,0.07929210662841797,201.78553301629225
32,0.1340137243270874,238.78151406267594
64,0.2508342742919922,255.1485445146887
128,0.36895921230316164,346.9218161026065
256,0.960094690322876,266.64036639334836
512,1.9330509662628175,264.8662704376872
1024,2.6338804960250854,388.77997750671193
2048,5.291455554962158,387.03906301914435
