value,params_bias_scale,params_feature_max,params_feature_min,params_input_connectivity,params_input_scale,params_leak_rate,params_rc_connectivity,params_spectral_radius
6.674698795180723,0.6763722394714516,0.19714433104836748,-1.2521147985431726,0.48684898425332923,0.7806187255527631,0.553194875247286,0.9830147986314799,1.198057566868823
5.180722891566265,0.30861961982688474,1.0728845838156733,-1.3249708818434864,0.49504357904776547,0.8183398782466227,0.28586682106072653,0.7527321299069467,0.9170862696454173
4.9879518072289155,0.5976458182449544,0.85768846722427,-0.8946044886894213,0.5541697529667334,0.9985562145086094,0.2926966593155477,0.8086292549128459,0.8137852074645467
4.662650602409639,0.6844406232228849,0.5048703451369324,-0.9390134810055708,0.47538399837337075,0.9090890793536909,0.5870897372214859,0.9814178165268632,1.1233749780958988
4.650602409638554,0.6261295320070702,0.5222628212719165,-1.035302220202934,0.4959453921265172,0.812930541869575,0.5635772459655436,0.9643041430781155,1.0027557368873847
4.644578313253012,0.6889772506119135,0.1434203856960981,-1.1903877089548043,0.44599401735700905,0.8260863161113848,0.5579734963810282,0.9742021772621108,1.1126886396150493
4.626506024096385,0.6048028016635819,0.6495894341898334,-1.731652597642374,0.4495393190193298,0.9667976193605003,0.6252056862493584,0.9266938369762492,0.9176653709894146
4.445783132530121,0.698316034817105,0.8405152785011796,-0.9705584037956053,0.5101139729008196,0.8922945730117083,0.2949444862419431,0.9692053751972359,1.0566463057378648
