N,Type,Mem_MB,Build_s,Dot_ms,Correct
10,Dense,0.21484375,1.726588487625122,0.09584426879882812,True
10,Sparse,0.64453125,1.62978196144104,0.16689300537109375,True
12,Dense,1.21875,1.710329532623291,0.18477439880371094,True
12,Sparse,3.65625,1.6103262901306152,0.9222030639648438,True
14,Dense,6.5625,2.0752503871917725,0.10728836059570312,True
14,Sparse,19.6875,1.6106910705566406,5.948066711425781,True
16,Dense,34.0,1.557891607284546,0.20503997802734375,True
16,Sparse,102.0,1.7733287811279297,40.02976417541504,True
